Model,Recall,ROC-AUC,Accuracy,Precision,F1-Score
LightGBM,0.6412776412776413,0.8489814930492897,0.8335,0.5825892857142857,0.6105263157894737
Decision Tree,0.601965601965602,0.7021127444856259,0.7615,0.4375,0.5067218200620476
Random Forest,0.597051597051597,0.8415040618430449,0.83,0.5799522673031027,0.5883777239709443
Logistic Regression,0.5847665847665847,0.7633211023041531,0.7535,0.4234875444839858,0.49122807017543857
XGBoost,0.5798525798525799,0.8303974236177626,0.84,0.612987012987013,0.5959595959595959
