Model,Accuracy,Precision,Recall,F1,ROC_AUC
Hybrid_LightGBM_XGBoost,0.837,0.5961995249406176,0.6167076167076168,0.606280193236715,0.8467820671210501
