Recall,F1,Precision,ROC-AUC,Accuracy
0.6265356265356266,0.6144578313253012,0.6028368794326241,0.8445980649370479,0.84
