Optimal_Threshold,Minimum_Cost,Recall,F1,Precision,ROC-AUC,Accuracy
0.060000000000000005,730500,0.9484029484029484,0.42093784078516905,0.27049754730203224,0.8445980649370479,0.469
